/*
 Navicat Premium Data Transfer

 Source Server         : G15
 Source Server Type    : MySQL
 Source Server Version : 80400 (8.4.0)
 Source Host           : localhost:3306
 Source Schema         : gpms1

 Target Server Type    : MySQL
 Target Server Version : 80400 (8.4.0)
 File Encoding         : 65001

 Date: 09/07/2024 23:00:31
*/

SET NAMES utf8mb4;
SET FOREIGN_KEY_CHECKS = 0;

-- ----------------------------
-- Table structure for common_file
-- ----------------------------
DROP TABLE IF EXISTS `common_file`;
CREATE TABLE `common_file`  (
  `common_file_id` int NOT NULL AUTO_INCREMENT COMMENT '公共文件id',
  `common_file_name` varchar(50) CHARACTER SET utf8mb4 COLLATE utf8mb4_0900_ai_ci NOT NULL COMMENT '公共文件名',
  `common_file_path` varchar(100) CHARACTER SET utf8mb4 COLLATE utf8mb4_0900_ai_ci NULL DEFAULT NULL COMMENT '公共文件内容',
  PRIMARY KEY (`common_file_id`) USING BTREE
) ENGINE = InnoDB AUTO_INCREMENT = 5 CHARACTER SET = utf8mb4 COLLATE = utf8mb4_0900_ai_ci ROW_FORMAT = DYNAMIC;

-- ----------------------------
-- Records of common_file
-- ----------------------------
INSERT INTO `common_file` VALUES (1, '开题报告模板', 'uploads/common/openReportTemplate.docx');
INSERT INTO `common_file` VALUES (2, '毕业论文模板', 'uploads/common/paperTemplate.docx');
INSERT INTO `common_file` VALUES (3, '校外毕设申请表', 'uploads/common/outSchoolApplyTemplate.docx');
INSERT INTO `common_file` VALUES (4, '答辩申请模板', 'uploads/common/defApplyTemplate.docx');

-- ----------------------------
-- Table structure for file
-- ----------------------------
DROP TABLE IF EXISTS `file`;
CREATE TABLE `file`  (
  `stu_id` char(12) CHARACTER SET utf8mb4 COLLATE utf8mb4_0900_ai_ci NOT NULL,
  `start_file` varchar(100) CHARACTER SET utf8mb4 COLLATE utf8mb4_0900_ai_ci NULL DEFAULT NULL,
  `upload_start_time` datetime NULL DEFAULT NULL,
  `translation_file` varchar(100) CHARACTER SET utf8mb4 COLLATE utf8mb4_0900_ai_ci NULL DEFAULT NULL,
  `upload_translation_time` datetime NULL DEFAULT NULL,
  `outschool_file` varchar(100) CHARACTER SET utf8mb4 COLLATE utf8mb4_0900_ai_ci NULL DEFAULT NULL,
  `upload_outschool_time` datetime NULL DEFAULT NULL,
  `midReport_file` varchar(100) CHARACTER SET utf8mb4 COLLATE utf8mb4_0900_ai_ci NULL DEFAULT NULL,
  `upload_midReport_time` datetime NULL DEFAULT NULL,
  `midWork_file` varchar(100) CHARACTER SET utf8mb4 COLLATE utf8mb4_0900_ai_ci NULL DEFAULT NULL,
  `upload_midWork_time` datetime NULL DEFAULT NULL,
  `defenseApply_file` varchar(100) CHARACTER SET utf8mb4 COLLATE utf8mb4_0900_ai_ci NULL DEFAULT NULL,
  `upload_defenseApply_time` datetime NULL DEFAULT NULL,
  `final_file` varchar(100) CHARACTER SET utf8mb4 COLLATE utf8mb4_0900_ai_ci NULL DEFAULT NULL,
  `upload_fianl_time` datetime NULL DEFAULT NULL,
  PRIMARY KEY (`stu_id`) USING BTREE,
  CONSTRAINT `file_ibfk_1` FOREIGN KEY (`stu_id`) REFERENCES `stu` (`stu_id`) ON DELETE CASCADE ON UPDATE CASCADE
) ENGINE = InnoDB CHARACTER SET = utf8mb4 COLLATE = utf8mb4_0900_ai_ci ROW_FORMAT = DYNAMIC;

-- ----------------------------
-- Records of file
-- ----------------------------
INSERT INTO `file` VALUES ('202411111111', 'uploads/202411111111/开题报告.pdf', NULL, 'uploads/202411111111/外文翻译.pdf', NULL, NULL, NULL, 'uploads/202411111111/中期报告.pdf', NULL, 'uploads/202411111111/中期成果.zip', NULL, 'uploads/202411111111/答辩申请表.pdf', NULL, 'uploads/202411111111/毕业论文终稿.pdf', NULL);
INSERT INTO `file` VALUES ('202422222222', NULL, NULL, NULL, NULL, NULL, NULL, NULL, NULL, NULL, NULL, NULL, NULL, NULL, NULL);
INSERT INTO `file` VALUES ('202433333333', 'uploads/202433333333/开题报告.pdf', NULL, 'uploads/202433333333/外文翻译.pdf', NULL, 'uploads/202433333333/校外毕设申请.pdf', NULL, 'uploads/202433333333/中期报告.pdf', NULL, 'uploads/202433333333/中期成果.zip', NULL, 'uploads/202433333333/答辩申请表.pdf', NULL, 'uploads/202433333333/毕业论文终稿.pdf', NULL);
INSERT INTO `file` VALUES ('202444444444', NULL, NULL, NULL, NULL, NULL, NULL, NULL, NULL, NULL, NULL, NULL, NULL, NULL, NULL);
INSERT INTO `file` VALUES ('202455555555', NULL, NULL, NULL, NULL, NULL, NULL, NULL, NULL, NULL, NULL, NULL, NULL, NULL, NULL);
INSERT INTO `file` VALUES ('202466666666', NULL, NULL, NULL, NULL, NULL, NULL, NULL, NULL, NULL, NULL, NULL, NULL, NULL, NULL);
INSERT INTO `file` VALUES ('202477777777', NULL, NULL, NULL, NULL, NULL, NULL, NULL, NULL, NULL, NULL, NULL, NULL, NULL, NULL);
INSERT INTO `file` VALUES ('202488888888', NULL, NULL, NULL, NULL, NULL, NULL, NULL, NULL, NULL, NULL, NULL, NULL, NULL, NULL);
INSERT INTO `file` VALUES ('202499999999', NULL, NULL, NULL, NULL, NULL, NULL, NULL, NULL, NULL, NULL, NULL, NULL, NULL, NULL);

-- ----------------------------
-- Table structure for group
-- ----------------------------
DROP TABLE IF EXISTS `group`;
CREATE TABLE `group`  (
  `group_id` int NOT NULL,
  `stu_group_id` int NULL DEFAULT NULL,
  `teacher_group_id` int NULL DEFAULT NULL,
  PRIMARY KEY (`group_id`) USING BTREE,
  INDEX `teacher_group_id`(`teacher_group_id` ASC) USING BTREE,
  INDEX `stu_group_id`(`stu_group_id` ASC) USING BTREE
) ENGINE = InnoDB CHARACTER SET = utf8mb4 COLLATE = utf8mb4_0900_ai_ci ROW_FORMAT = DYNAMIC;

-- ----------------------------
-- Records of group
-- ----------------------------
INSERT INTO `group` VALUES (111, 1, 1);
INSERT INTO `group` VALUES (112, 2, 2);
INSERT INTO `group` VALUES (121, 3, 3);
INSERT INTO `group` VALUES (122, 5, 5);
INSERT INTO `group` VALUES (131, 6, 5);
INSERT INTO `group` VALUES (132, 7, 7);
INSERT INTO `group` VALUES (211, 8, 8);
INSERT INTO `group` VALUES (212, 9, 9);
INSERT INTO `group` VALUES (221, 10, 10);
INSERT INTO `group` VALUES (222, 11, 11);
INSERT INTO `group` VALUES (231, 12, 12);
INSERT INTO `group` VALUES (232, 13, 13);
INSERT INTO `group` VALUES (311, 14, 14);
INSERT INTO `group` VALUES (312, 15, 15);
INSERT INTO `group` VALUES (321, 23, 23);
INSERT INTO `group` VALUES (322, 24, 24);
INSERT INTO `group` VALUES (331, 20, 20);
INSERT INTO `group` VALUES (332, 19, 19);
INSERT INTO `group` VALUES (411, 17, 17);
INSERT INTO `group` VALUES (412, 18, 18);
INSERT INTO `group` VALUES (421, 16, 16);
INSERT INTO `group` VALUES (422, 21, 21);
INSERT INTO `group` VALUES (431, 22, 22);
INSERT INTO `group` VALUES (432, 4, 4);

-- ----------------------------
-- Table structure for score
-- ----------------------------
DROP TABLE IF EXISTS `score`;
CREATE TABLE `score`  (
  `stu_id` char(12) CHARACTER SET utf8mb4 COLLATE utf8mb4_0900_ai_ci NOT NULL DEFAULT '',
  `startScore1` float(2, 1) NULL DEFAULT NULL COMMENT '开题报告得分1',
  `startScore2` float(2, 1) NULL DEFAULT NULL COMMENT '开题报告得分2',
  `startScore3` float(2, 1) NULL DEFAULT NULL COMMENT '开题报告得分3',
  `startScore` float(3, 1) NULL DEFAULT NULL COMMENT '开题报告得分',
  `transScore1` float(2, 1) NULL DEFAULT NULL COMMENT '外文翻译得分1',
  `transScore2` float(2, 1) NULL DEFAULT NULL COMMENT '外文翻译得分2',
  `transScore3` float(2, 1) NULL DEFAULT NULL COMMENT '外文翻译得分3',
  `transScore` float(2, 1) NULL DEFAULT NULL COMMENT '外文翻译得分',
  `midScore1` float(2, 1) NULL DEFAULT NULL COMMENT '中期检查得分1',
  `midScore2` float(2, 1) NULL DEFAULT NULL COMMENT '中期检查得分2',
  `midScore3` float(2, 1) NULL DEFAULT NULL COMMENT '中期检查得分3',
  `midScore` float(3, 1) NULL DEFAULT NULL COMMENT '中期检查得分',
  `midEva` varchar(255) CHARACTER SET utf8mb4 COLLATE utf8mb4_0900_ai_ci NULL DEFAULT NULL COMMENT '中期检查评价',
  `teachScore1` float(2, 1) NULL DEFAULT NULL COMMENT '指导老师打分1',
  `teachScore2` float(2, 1) NULL DEFAULT NULL COMMENT '指导老师打分2',
  `teachScore3` float(2, 1) NULL DEFAULT NULL COMMENT '指导老师打分3',
  `teachScore4` float(2, 1) NULL DEFAULT NULL COMMENT '指导老师打分4',
  `teachScore5` float(2, 1) NULL DEFAULT NULL COMMENT '指导老师打分5',
  `teachScore` float(3, 1) NULL DEFAULT NULL COMMENT '指导老师打分',
  `teachEva` varchar(255) CHARACTER SET utf8mb4 COLLATE utf8mb4_0900_ai_ci NULL DEFAULT NULL COMMENT '指导老师评价',
  `readScore1` float(2, 1) NULL DEFAULT NULL COMMENT '评阅老师打分1',
  `readScore2` float(2, 1) NULL DEFAULT NULL COMMENT '评阅老师打分2',
  `readScore3` float(2, 1) NULL DEFAULT NULL COMMENT '评阅老师打分3',
  `readScore4` float(2, 1) NULL DEFAULT NULL COMMENT '评阅老师打分4',
  `readScore` float(3, 1) NULL DEFAULT NULL COMMENT '评阅老师打分',
  `readEva` varchar(255) CHARACTER SET utf8mb4 COLLATE utf8mb4_0900_ai_ci NULL DEFAULT NULL COMMENT '评阅老师评价',
  `defRecord` varchar(255) CHARACTER SET utf8mb4 COLLATE utf8mb4_0900_ai_ci NULL DEFAULT NULL COMMENT '答辩记录',
  `defScore1` float(3, 1) NULL DEFAULT NULL COMMENT '答辩得分1',
  `defScore2` float(3, 1) NULL DEFAULT NULL COMMENT '答辩得分2',
  `defScore3` float(3, 1) NULL DEFAULT NULL COMMENT '答辩得分3',
  `defScore4` float(3, 1) NULL DEFAULT NULL COMMENT '答辩得分4',
  `defScore` float(3, 1) NULL DEFAULT NULL COMMENT '答辩得分',
  `defEva` varchar(255) CHARACTER SET utf8mb4 COLLATE utf8mb4_0900_ai_ci NULL DEFAULT NULL COMMENT '答辩评价',
  `finalScore` float(3, 1) NULL DEFAULT NULL COMMENT '总评成绩',
  `finalEva` varchar(255) CHARACTER SET utf8mb4 COLLATE utf8mb4_0900_ai_ci NULL DEFAULT NULL COMMENT '总评',
  PRIMARY KEY (`stu_id`) USING BTREE
) ENGINE = InnoDB CHARACTER SET = utf8mb4 COLLATE = utf8mb4_0900_ai_ci ROW_FORMAT = DYNAMIC;

-- ----------------------------
-- Records of score
-- ----------------------------
INSERT INTO `score` VALUES ('202411111111', 3.0, 2.0, 4.0, 9.0, 1.0, 1.0, 1.0, 3.0, 5.0, 5.0, 3.0, 13.0, '牛的一批', 3.0, 3.0, 3.0, 0.0, 2.0, 11.0, '还行吧', 4.0, 3.0, 2.0, 3.0, 12.0, '一般般', NULL, 8.0, 9.0, 8.0, 7.9, 32.9, '鳖重修了哥们，快毕业吧', 80.9, '牛逼牛逼');
INSERT INTO `score` VALUES ('202411116666', NULL, NULL, NULL, NULL, NULL, NULL, NULL, NULL, NULL, NULL, NULL, NULL, NULL, NULL, NULL, NULL, NULL, NULL, NULL, NULL, NULL, NULL, NULL, NULL, NULL, NULL, NULL, NULL, NULL, NULL, NULL, NULL, NULL, NULL, NULL);
INSERT INTO `score` VALUES ('202411116668', NULL, NULL, NULL, NULL, NULL, NULL, NULL, NULL, NULL, NULL, NULL, NULL, NULL, NULL, NULL, NULL, NULL, NULL, NULL, NULL, NULL, NULL, NULL, NULL, NULL, NULL, NULL, NULL, NULL, NULL, NULL, NULL, NULL, NULL, NULL);
INSERT INTO `score` VALUES ('202411116670', NULL, NULL, NULL, NULL, NULL, NULL, NULL, NULL, NULL, NULL, NULL, NULL, NULL, NULL, NULL, NULL, NULL, NULL, NULL, NULL, NULL, NULL, NULL, NULL, NULL, NULL, NULL, NULL, NULL, NULL, NULL, NULL, NULL, NULL, NULL);
INSERT INTO `score` VALUES ('202411116672', NULL, NULL, NULL, NULL, NULL, NULL, NULL, NULL, NULL, NULL, NULL, NULL, NULL, NULL, NULL, NULL, NULL, NULL, NULL, NULL, NULL, NULL, NULL, NULL, NULL, NULL, NULL, NULL, NULL, NULL, NULL, NULL, NULL, NULL, NULL);
INSERT INTO `score` VALUES ('202411116674', NULL, NULL, NULL, NULL, NULL, NULL, NULL, NULL, NULL, NULL, NULL, NULL, NULL, NULL, NULL, NULL, NULL, NULL, NULL, NULL, NULL, NULL, NULL, NULL, NULL, NULL, NULL, NULL, NULL, NULL, NULL, NULL, NULL, NULL, NULL);
INSERT INTO `score` VALUES ('202411116676', NULL, NULL, NULL, NULL, NULL, NULL, NULL, NULL, NULL, NULL, NULL, NULL, NULL, NULL, NULL, NULL, NULL, NULL, NULL, NULL, NULL, NULL, NULL, NULL, NULL, NULL, NULL, NULL, NULL, NULL, NULL, NULL, NULL, NULL, NULL);
INSERT INTO `score` VALUES ('202411116678', NULL, NULL, NULL, NULL, NULL, NULL, NULL, NULL, NULL, NULL, NULL, NULL, NULL, NULL, NULL, NULL, NULL, NULL, NULL, NULL, NULL, NULL, NULL, NULL, NULL, NULL, NULL, NULL, NULL, NULL, NULL, NULL, NULL, NULL, NULL);
INSERT INTO `score` VALUES ('202411116680', NULL, NULL, NULL, NULL, NULL, NULL, NULL, NULL, NULL, NULL, NULL, NULL, NULL, NULL, NULL, NULL, NULL, NULL, NULL, NULL, NULL, NULL, NULL, NULL, NULL, NULL, NULL, NULL, NULL, NULL, NULL, NULL, NULL, NULL, NULL);
INSERT INTO `score` VALUES ('202411116682', NULL, NULL, NULL, NULL, 1.0, 1.0, 1.0, 3.0, NULL, NULL, NULL, NULL, NULL, NULL, NULL, NULL, NULL, NULL, NULL, NULL, NULL, NULL, NULL, NULL, NULL, NULL, NULL, NULL, NULL, NULL, NULL, NULL, NULL, NULL, NULL);
INSERT INTO `score` VALUES ('202411116684', NULL, NULL, NULL, NULL, NULL, NULL, NULL, NULL, NULL, NULL, NULL, NULL, NULL, NULL, NULL, NULL, NULL, NULL, NULL, NULL, NULL, NULL, NULL, NULL, NULL, NULL, NULL, NULL, NULL, NULL, NULL, NULL, NULL, NULL, NULL);
INSERT INTO `score` VALUES ('202411116686', NULL, NULL, NULL, NULL, NULL, NULL, NULL, NULL, NULL, NULL, NULL, NULL, NULL, NULL, NULL, NULL, NULL, NULL, NULL, NULL, NULL, NULL, NULL, NULL, NULL, NULL, NULL, NULL, NULL, NULL, NULL, NULL, NULL, NULL, NULL);
INSERT INTO `score` VALUES ('202411116688', NULL, NULL, NULL, NULL, NULL, NULL, NULL, NULL, NULL, NULL, NULL, NULL, NULL, NULL, NULL, NULL, NULL, NULL, NULL, NULL, NULL, NULL, NULL, NULL, NULL, NULL, NULL, NULL, NULL, NULL, NULL, NULL, NULL, NULL, NULL);
INSERT INTO `score` VALUES ('202411116690', NULL, NULL, NULL, NULL, NULL, NULL, NULL, NULL, NULL, NULL, NULL, NULL, NULL, NULL, NULL, NULL, NULL, NULL, NULL, NULL, NULL, NULL, NULL, NULL, NULL, NULL, NULL, NULL, NULL, NULL, NULL, NULL, NULL, NULL, NULL);
INSERT INTO `score` VALUES ('202411116692', NULL, NULL, NULL, NULL, NULL, NULL, NULL, NULL, NULL, NULL, NULL, NULL, NULL, NULL, NULL, NULL, NULL, NULL, NULL, NULL, NULL, NULL, NULL, NULL, NULL, NULL, NULL, NULL, NULL, NULL, NULL, NULL, NULL, NULL, NULL);
INSERT INTO `score` VALUES ('202411116694', NULL, NULL, NULL, NULL, NULL, NULL, NULL, NULL, NULL, NULL, NULL, NULL, NULL, NULL, NULL, NULL, NULL, NULL, NULL, NULL, NULL, NULL, NULL, NULL, NULL, NULL, NULL, NULL, NULL, NULL, NULL, NULL, NULL, NULL, NULL);
INSERT INTO `score` VALUES ('202411116696', NULL, NULL, NULL, NULL, NULL, NULL, NULL, NULL, NULL, NULL, NULL, NULL, NULL, NULL, NULL, NULL, NULL, NULL, NULL, NULL, NULL, NULL, NULL, NULL, NULL, NULL, NULL, NULL, NULL, NULL, NULL, NULL, NULL, NULL, NULL);
INSERT INTO `score` VALUES ('202411116698', NULL, NULL, NULL, NULL, NULL, NULL, NULL, NULL, NULL, NULL, NULL, NULL, NULL, NULL, NULL, NULL, NULL, NULL, NULL, NULL, NULL, NULL, NULL, NULL, NULL, NULL, NULL, NULL, NULL, NULL, NULL, NULL, NULL, NULL, NULL);
INSERT INTO `score` VALUES ('202411116700', NULL, NULL, NULL, NULL, NULL, NULL, NULL, NULL, NULL, NULL, NULL, NULL, NULL, NULL, NULL, NULL, NULL, NULL, NULL, NULL, NULL, NULL, NULL, NULL, NULL, NULL, NULL, NULL, NULL, NULL, NULL, NULL, NULL, NULL, NULL);
INSERT INTO `score` VALUES ('202411116702', NULL, NULL, NULL, NULL, NULL, NULL, NULL, NULL, NULL, NULL, NULL, NULL, NULL, NULL, NULL, NULL, NULL, NULL, NULL, NULL, NULL, NULL, NULL, NULL, NULL, NULL, NULL, NULL, NULL, NULL, NULL, NULL, NULL, NULL, NULL);
INSERT INTO `score` VALUES ('202411116704', NULL, NULL, NULL, NULL, NULL, NULL, NULL, NULL, NULL, NULL, NULL, NULL, NULL, NULL, NULL, NULL, NULL, NULL, NULL, NULL, NULL, NULL, NULL, NULL, NULL, NULL, NULL, NULL, NULL, NULL, NULL, NULL, NULL, NULL, NULL);
INSERT INTO `score` VALUES ('202411116706', NULL, NULL, NULL, NULL, NULL, NULL, NULL, NULL, NULL, NULL, NULL, NULL, NULL, NULL, NULL, NULL, NULL, NULL, NULL, NULL, NULL, NULL, NULL, NULL, NULL, NULL, NULL, NULL, NULL, NULL, NULL, NULL, NULL, NULL, NULL);
INSERT INTO `score` VALUES ('202411116708', NULL, NULL, NULL, NULL, NULL, NULL, NULL, NULL, NULL, NULL, NULL, NULL, NULL, NULL, NULL, NULL, NULL, NULL, NULL, NULL, NULL, NULL, NULL, NULL, NULL, NULL, NULL, NULL, NULL, NULL, NULL, NULL, NULL, NULL, NULL);
INSERT INTO `score` VALUES ('202411116710', NULL, NULL, NULL, NULL, NULL, NULL, NULL, NULL, NULL, NULL, NULL, NULL, NULL, NULL, NULL, NULL, NULL, NULL, NULL, NULL, NULL, NULL, NULL, NULL, NULL, NULL, NULL, NULL, NULL, NULL, NULL, NULL, NULL, NULL, NULL);
INSERT INTO `score` VALUES ('202411116712', NULL, NULL, NULL, NULL, NULL, NULL, NULL, NULL, NULL, NULL, NULL, NULL, NULL, NULL, NULL, NULL, NULL, NULL, NULL, NULL, NULL, NULL, NULL, NULL, NULL, NULL, NULL, NULL, NULL, NULL, NULL, NULL, NULL, NULL, NULL);
INSERT INTO `score` VALUES ('202411116714', NULL, NULL, NULL, NULL, NULL, NULL, NULL, NULL, NULL, NULL, NULL, NULL, NULL, NULL, NULL, NULL, NULL, NULL, NULL, NULL, NULL, NULL, NULL, NULL, NULL, NULL, NULL, NULL, NULL, NULL, NULL, NULL, NULL, NULL, NULL);
INSERT INTO `score` VALUES ('202411116716', NULL, NULL, NULL, NULL, NULL, NULL, NULL, NULL, NULL, NULL, NULL, NULL, NULL, NULL, NULL, NULL, NULL, NULL, NULL, NULL, NULL, NULL, NULL, NULL, NULL, NULL, NULL, NULL, NULL, NULL, NULL, NULL, NULL, NULL, NULL);
INSERT INTO `score` VALUES ('202411116718', NULL, NULL, NULL, NULL, NULL, NULL, NULL, NULL, NULL, NULL, NULL, NULL, NULL, NULL, NULL, NULL, NULL, NULL, NULL, NULL, NULL, NULL, NULL, NULL, NULL, NULL, NULL, NULL, NULL, NULL, NULL, NULL, NULL, NULL, NULL);
INSERT INTO `score` VALUES ('202411116720', NULL, NULL, NULL, NULL, NULL, NULL, NULL, NULL, NULL, NULL, NULL, NULL, NULL, NULL, NULL, NULL, NULL, NULL, NULL, NULL, NULL, NULL, NULL, NULL, NULL, NULL, NULL, NULL, NULL, NULL, NULL, NULL, NULL, NULL, NULL);
INSERT INTO `score` VALUES ('202411116722', NULL, NULL, NULL, NULL, NULL, NULL, NULL, NULL, NULL, NULL, NULL, NULL, NULL, NULL, NULL, NULL, NULL, NULL, NULL, NULL, NULL, NULL, NULL, NULL, NULL, NULL, NULL, NULL, NULL, NULL, NULL, NULL, NULL, NULL, NULL);
INSERT INTO `score` VALUES ('202411116724', NULL, NULL, NULL, NULL, NULL, NULL, NULL, NULL, NULL, NULL, NULL, NULL, NULL, NULL, NULL, NULL, NULL, NULL, NULL, NULL, NULL, NULL, NULL, NULL, NULL, NULL, NULL, NULL, NULL, NULL, NULL, NULL, NULL, NULL, NULL);
INSERT INTO `score` VALUES ('202411116726', NULL, NULL, NULL, NULL, NULL, NULL, NULL, NULL, NULL, NULL, NULL, NULL, NULL, NULL, NULL, NULL, NULL, NULL, NULL, NULL, NULL, NULL, NULL, NULL, NULL, NULL, NULL, NULL, NULL, NULL, NULL, NULL, NULL, NULL, NULL);
INSERT INTO `score` VALUES ('202411116728', NULL, NULL, NULL, NULL, NULL, NULL, NULL, NULL, NULL, NULL, NULL, NULL, NULL, NULL, NULL, NULL, NULL, NULL, NULL, NULL, NULL, NULL, NULL, NULL, NULL, NULL, NULL, NULL, NULL, NULL, NULL, NULL, NULL, NULL, NULL);
INSERT INTO `score` VALUES ('202411116730', NULL, NULL, NULL, NULL, NULL, NULL, NULL, NULL, NULL, NULL, NULL, NULL, NULL, NULL, NULL, NULL, NULL, NULL, NULL, NULL, NULL, NULL, NULL, NULL, NULL, NULL, NULL, NULL, NULL, NULL, NULL, NULL, NULL, NULL, NULL);
INSERT INTO `score` VALUES ('202411116732', NULL, NULL, NULL, NULL, NULL, NULL, NULL, NULL, NULL, NULL, NULL, NULL, NULL, NULL, NULL, NULL, NULL, NULL, NULL, NULL, NULL, NULL, NULL, NULL, NULL, NULL, NULL, NULL, NULL, NULL, NULL, NULL, NULL, NULL, NULL);
INSERT INTO `score` VALUES ('202411116734', NULL, NULL, NULL, NULL, NULL, NULL, NULL, NULL, NULL, NULL, NULL, NULL, NULL, NULL, NULL, NULL, NULL, NULL, NULL, NULL, NULL, NULL, NULL, NULL, NULL, NULL, NULL, NULL, NULL, NULL, NULL, NULL, NULL, NULL, NULL);
INSERT INTO `score` VALUES ('202411116736', NULL, NULL, NULL, NULL, NULL, NULL, NULL, NULL, NULL, NULL, NULL, NULL, NULL, NULL, NULL, NULL, NULL, NULL, NULL, NULL, NULL, NULL, NULL, NULL, NULL, NULL, NULL, NULL, NULL, NULL, NULL, NULL, NULL, NULL, NULL);
INSERT INTO `score` VALUES ('202411116738', NULL, NULL, NULL, NULL, NULL, NULL, NULL, NULL, NULL, NULL, NULL, NULL, NULL, NULL, NULL, NULL, NULL, NULL, NULL, NULL, NULL, NULL, NULL, NULL, NULL, NULL, NULL, NULL, NULL, NULL, NULL, NULL, NULL, NULL, NULL);
INSERT INTO `score` VALUES ('202411116740', NULL, NULL, NULL, NULL, NULL, NULL, NULL, NULL, NULL, NULL, NULL, NULL, NULL, NULL, NULL, NULL, NULL, NULL, NULL, NULL, NULL, NULL, NULL, NULL, NULL, NULL, NULL, NULL, NULL, NULL, NULL, NULL, NULL, NULL, NULL);
INSERT INTO `score` VALUES ('202411116742', NULL, NULL, NULL, NULL, NULL, NULL, NULL, NULL, NULL, NULL, NULL, NULL, NULL, NULL, NULL, NULL, NULL, NULL, NULL, NULL, NULL, NULL, NULL, NULL, NULL, NULL, NULL, NULL, NULL, NULL, NULL, NULL, NULL, NULL, NULL);
INSERT INTO `score` VALUES ('202411116744', NULL, NULL, NULL, NULL, NULL, NULL, NULL, NULL, NULL, NULL, NULL, NULL, NULL, NULL, NULL, NULL, NULL, NULL, NULL, NULL, NULL, NULL, NULL, NULL, NULL, NULL, NULL, NULL, NULL, NULL, NULL, NULL, NULL, NULL, NULL);
INSERT INTO `score` VALUES ('202411116746', NULL, NULL, NULL, NULL, NULL, NULL, NULL, NULL, NULL, NULL, NULL, NULL, NULL, NULL, NULL, NULL, NULL, NULL, NULL, NULL, NULL, NULL, NULL, NULL, NULL, NULL, NULL, NULL, NULL, NULL, NULL, NULL, NULL, NULL, NULL);
INSERT INTO `score` VALUES ('202411116748', NULL, NULL, NULL, NULL, NULL, NULL, NULL, NULL, NULL, NULL, NULL, NULL, NULL, NULL, NULL, NULL, NULL, NULL, NULL, NULL, NULL, NULL, NULL, NULL, NULL, NULL, NULL, NULL, NULL, NULL, NULL, NULL, NULL, NULL, NULL);
INSERT INTO `score` VALUES ('202411116750', NULL, NULL, NULL, NULL, NULL, NULL, NULL, NULL, NULL, NULL, NULL, NULL, NULL, NULL, NULL, NULL, NULL, NULL, NULL, NULL, NULL, NULL, NULL, NULL, NULL, NULL, NULL, NULL, NULL, NULL, NULL, NULL, NULL, NULL, NULL);
INSERT INTO `score` VALUES ('202411116752', NULL, NULL, NULL, NULL, NULL, NULL, NULL, NULL, NULL, NULL, NULL, NULL, NULL, NULL, NULL, NULL, NULL, NULL, NULL, NULL, NULL, NULL, NULL, NULL, NULL, NULL, NULL, NULL, NULL, NULL, NULL, NULL, NULL, NULL, NULL);
INSERT INTO `score` VALUES ('202411116754', NULL, NULL, NULL, NULL, NULL, NULL, NULL, NULL, NULL, NULL, NULL, NULL, NULL, NULL, NULL, NULL, NULL, NULL, NULL, NULL, NULL, NULL, NULL, NULL, NULL, NULL, NULL, NULL, NULL, NULL, NULL, NULL, NULL, NULL, NULL);
INSERT INTO `score` VALUES ('202411116756', NULL, NULL, NULL, NULL, NULL, NULL, NULL, NULL, NULL, NULL, NULL, NULL, NULL, NULL, NULL, NULL, NULL, NULL, NULL, NULL, NULL, NULL, NULL, NULL, NULL, NULL, NULL, NULL, NULL, NULL, NULL, NULL, NULL, NULL, NULL);
INSERT INTO `score` VALUES ('202411116758', NULL, NULL, NULL, NULL, NULL, NULL, NULL, NULL, NULL, NULL, NULL, NULL, NULL, NULL, NULL, NULL, NULL, NULL, NULL, NULL, NULL, NULL, NULL, NULL, NULL, NULL, NULL, NULL, NULL, NULL, NULL, NULL, NULL, NULL, NULL);
INSERT INTO `score` VALUES ('202411116760', NULL, NULL, NULL, NULL, NULL, NULL, NULL, NULL, NULL, NULL, NULL, NULL, NULL, NULL, NULL, NULL, NULL, NULL, NULL, NULL, NULL, NULL, NULL, NULL, NULL, NULL, NULL, NULL, NULL, NULL, NULL, NULL, NULL, NULL, NULL);
INSERT INTO `score` VALUES ('202411116762', NULL, NULL, NULL, NULL, NULL, NULL, NULL, NULL, NULL, NULL, NULL, NULL, NULL, NULL, NULL, NULL, NULL, NULL, NULL, NULL, NULL, NULL, NULL, NULL, NULL, NULL, NULL, NULL, NULL, NULL, NULL, NULL, NULL, NULL, NULL);
INSERT INTO `score` VALUES ('202411116764', NULL, NULL, NULL, NULL, NULL, NULL, NULL, NULL, NULL, NULL, NULL, NULL, NULL, NULL, NULL, NULL, NULL, NULL, NULL, NULL, NULL, NULL, NULL, NULL, NULL, NULL, NULL, NULL, NULL, NULL, NULL, NULL, NULL, NULL, NULL);
INSERT INTO `score` VALUES ('202411116766', NULL, NULL, NULL, NULL, NULL, NULL, NULL, NULL, NULL, NULL, NULL, NULL, NULL, NULL, NULL, NULL, NULL, NULL, NULL, NULL, NULL, NULL, NULL, NULL, NULL, NULL, NULL, NULL, NULL, NULL, NULL, NULL, NULL, NULL, NULL);
INSERT INTO `score` VALUES ('202411116768', NULL, NULL, NULL, NULL, NULL, NULL, NULL, NULL, NULL, NULL, NULL, NULL, NULL, NULL, NULL, NULL, NULL, NULL, NULL, NULL, NULL, NULL, NULL, NULL, NULL, NULL, NULL, NULL, NULL, NULL, NULL, NULL, NULL, NULL, NULL);
INSERT INTO `score` VALUES ('202411116770', NULL, NULL, NULL, NULL, NULL, NULL, NULL, NULL, NULL, NULL, NULL, NULL, NULL, NULL, NULL, NULL, NULL, NULL, NULL, NULL, NULL, NULL, NULL, NULL, NULL, NULL, NULL, NULL, NULL, NULL, NULL, NULL, NULL, NULL, NULL);
INSERT INTO `score` VALUES ('202411116772', NULL, NULL, NULL, NULL, NULL, NULL, NULL, NULL, NULL, NULL, NULL, NULL, NULL, NULL, NULL, NULL, NULL, NULL, NULL, NULL, NULL, NULL, NULL, NULL, NULL, NULL, NULL, NULL, NULL, NULL, NULL, NULL, NULL, NULL, NULL);
INSERT INTO `score` VALUES ('202411116774', NULL, NULL, NULL, NULL, NULL, NULL, NULL, NULL, NULL, NULL, NULL, NULL, NULL, NULL, NULL, NULL, NULL, NULL, NULL, NULL, NULL, NULL, NULL, NULL, NULL, NULL, NULL, NULL, NULL, NULL, NULL, NULL, NULL, NULL, NULL);
INSERT INTO `score` VALUES ('202411116776', NULL, NULL, NULL, NULL, NULL, NULL, NULL, NULL, NULL, NULL, NULL, NULL, NULL, NULL, NULL, NULL, NULL, NULL, NULL, NULL, NULL, NULL, NULL, NULL, NULL, NULL, NULL, NULL, NULL, NULL, NULL, NULL, NULL, NULL, NULL);
INSERT INTO `score` VALUES ('202411116778', NULL, NULL, NULL, NULL, NULL, NULL, NULL, NULL, NULL, NULL, NULL, NULL, NULL, NULL, NULL, NULL, NULL, NULL, NULL, NULL, NULL, NULL, NULL, NULL, NULL, NULL, NULL, NULL, NULL, NULL, NULL, NULL, NULL, NULL, NULL);
INSERT INTO `score` VALUES ('202411116780', NULL, NULL, NULL, NULL, NULL, NULL, NULL, NULL, NULL, NULL, NULL, NULL, NULL, NULL, NULL, NULL, NULL, NULL, NULL, NULL, NULL, NULL, NULL, NULL, NULL, NULL, NULL, NULL, NULL, NULL, NULL, NULL, NULL, NULL, NULL);
INSERT INTO `score` VALUES ('202411116782', NULL, NULL, NULL, NULL, NULL, NULL, NULL, NULL, NULL, NULL, NULL, NULL, NULL, NULL, NULL, NULL, NULL, NULL, NULL, NULL, NULL, NULL, NULL, NULL, NULL, NULL, NULL, NULL, NULL, NULL, NULL, NULL, NULL, NULL, NULL);
INSERT INTO `score` VALUES ('202411116784', NULL, NULL, NULL, NULL, NULL, NULL, NULL, NULL, NULL, NULL, NULL, NULL, NULL, NULL, NULL, NULL, NULL, NULL, NULL, NULL, NULL, NULL, NULL, NULL, NULL, NULL, NULL, NULL, NULL, NULL, NULL, NULL, NULL, NULL, NULL);
INSERT INTO `score` VALUES ('202411116786', NULL, NULL, NULL, NULL, NULL, NULL, NULL, NULL, NULL, NULL, NULL, NULL, NULL, NULL, NULL, NULL, NULL, NULL, NULL, NULL, NULL, NULL, NULL, NULL, NULL, NULL, NULL, NULL, NULL, NULL, NULL, NULL, NULL, NULL, NULL);
INSERT INTO `score` VALUES ('202411116788', NULL, NULL, NULL, NULL, NULL, NULL, NULL, NULL, NULL, NULL, NULL, NULL, NULL, NULL, NULL, NULL, NULL, NULL, NULL, NULL, NULL, NULL, NULL, NULL, NULL, NULL, NULL, NULL, NULL, NULL, NULL, NULL, NULL, NULL, NULL);
INSERT INTO `score` VALUES ('202411116790', NULL, NULL, NULL, NULL, NULL, NULL, NULL, NULL, NULL, NULL, NULL, NULL, NULL, NULL, NULL, NULL, NULL, NULL, NULL, NULL, NULL, NULL, NULL, NULL, NULL, NULL, NULL, NULL, NULL, NULL, NULL, NULL, NULL, NULL, NULL);
INSERT INTO `score` VALUES ('202422222222', NULL, NULL, NULL, NULL, NULL, NULL, NULL, NULL, NULL, NULL, NULL, NULL, NULL, NULL, NULL, NULL, NULL, NULL, NULL, NULL, NULL, NULL, NULL, NULL, NULL, NULL, NULL, NULL, NULL, NULL, NULL, NULL, NULL, NULL, NULL);
INSERT INTO `score` VALUES ('202433333333', 2.0, 3.0, 3.0, 8.0, 1.0, 1.0, 1.0, 3.0, 2.0, 3.0, 3.0, 8.0, '3333', 3.0, 3.0, 3.0, 3.0, 2.0, 14.0, '432432', 3.0, 3.0, 3.0, 3.0, 12.0, '333333', '1123213', 10.0, 10.0, 2.0, 10.0, 32.0, 'dfasfas', 77.0, '3424324');
INSERT INTO `score` VALUES ('202444444444', NULL, NULL, NULL, NULL, NULL, NULL, NULL, NULL, NULL, NULL, NULL, NULL, NULL, NULL, NULL, NULL, NULL, NULL, NULL, NULL, NULL, NULL, NULL, NULL, NULL, NULL, NULL, NULL, NULL, NULL, NULL, NULL, NULL, NULL, NULL);
INSERT INTO `score` VALUES ('202455555555', NULL, NULL, NULL, NULL, NULL, NULL, NULL, NULL, NULL, NULL, NULL, NULL, NULL, NULL, NULL, NULL, NULL, NULL, NULL, NULL, NULL, NULL, NULL, NULL, NULL, NULL, NULL, NULL, NULL, NULL, NULL, NULL, NULL, NULL, NULL);
INSERT INTO `score` VALUES ('202466666666', NULL, NULL, NULL, NULL, NULL, NULL, NULL, NULL, NULL, NULL, NULL, NULL, NULL, NULL, NULL, NULL, NULL, NULL, NULL, NULL, NULL, NULL, NULL, NULL, NULL, NULL, NULL, NULL, NULL, NULL, NULL, NULL, NULL, NULL, NULL);
INSERT INTO `score` VALUES ('202477777777', NULL, NULL, NULL, NULL, NULL, NULL, NULL, NULL, NULL, NULL, NULL, NULL, NULL, NULL, NULL, NULL, NULL, NULL, NULL, NULL, NULL, NULL, NULL, NULL, NULL, NULL, NULL, NULL, NULL, NULL, NULL, NULL, NULL, NULL, NULL);
INSERT INTO `score` VALUES ('202488888888', NULL, NULL, NULL, NULL, NULL, NULL, NULL, NULL, NULL, NULL, NULL, NULL, NULL, NULL, NULL, NULL, NULL, NULL, NULL, NULL, NULL, NULL, NULL, NULL, NULL, NULL, NULL, NULL, NULL, NULL, NULL, NULL, NULL, NULL, NULL);
INSERT INTO `score` VALUES ('202499999999', NULL, NULL, NULL, NULL, NULL, NULL, NULL, NULL, NULL, NULL, NULL, NULL, NULL, NULL, NULL, NULL, NULL, NULL, NULL, NULL, NULL, NULL, NULL, NULL, NULL, NULL, NULL, NULL, NULL, NULL, NULL, NULL, NULL, NULL, NULL);

-- ----------------------------
-- Table structure for stu
-- ----------------------------
DROP TABLE IF EXISTS `stu`;
CREATE TABLE `stu`  (
  `stu_id` char(12) CHARACTER SET utf8mb4 COLLATE utf8mb4_0900_ai_ci NOT NULL,
  `stu_states` int NOT NULL DEFAULT 0,
  `stu_guide_id` char(12) CHARACTER SET utf8mb4 COLLATE utf8mb4_0900_ai_ci NULL DEFAULT NULL,
  `stu_outschool` tinyint(1) NULL DEFAULT NULL,
  `stu_group_id` int NOT NULL,
  `stu_major` varchar(255) CHARACTER SET utf8mb4 COLLATE utf8mb4_0900_ai_ci NOT NULL,
  `stu_class` varchar(255) CHARACTER SET utf8mb4 COLLATE utf8mb4_0900_ai_ci NOT NULL,
  PRIMARY KEY (`stu_id`) USING BTREE,
  INDEX `stu_guide_id`(`stu_guide_id` ASC) USING BTREE,
  INDEX `stu_group_id`(`stu_group_id` ASC) USING BTREE,
  CONSTRAINT `stu_ibfk_2` FOREIGN KEY (`stu_guide_id`) REFERENCES `teacher` (`teacher_id`) ON DELETE CASCADE ON UPDATE CASCADE,
  CONSTRAINT `stu_ibfk_3` FOREIGN KEY (`stu_id`) REFERENCES `user` (`user_id`) ON DELETE CASCADE ON UPDATE CASCADE
) ENGINE = InnoDB CHARACTER SET = utf8mb4 COLLATE = utf8mb4_0900_ai_ci ROW_FORMAT = DYNAMIC;

-- ----------------------------
-- Records of stu
-- ----------------------------
INSERT INTO `stu` VALUES ('202411111111', 5, '111111111111', NULL, 1, '计算机科学与技术', '211');
INSERT INTO `stu` VALUES ('202411116666', 0, '111111112230', NULL, 4, '计算机科学与技术', '321');
INSERT INTO `stu` VALUES ('202411116668', 0, '111111112322', 1, 22, '计算机科学与技术', '211');
INSERT INTO `stu` VALUES ('202411116670', 5, '111111112322', NULL, 22, '计算机科学与技术', '211');
INSERT INTO `stu` VALUES ('202411116672', 0, '111111112344', 1, 2, '计算机科学与技术', '211');
INSERT INTO `stu` VALUES ('202411116674', 0, '111111112344', NULL, 2, '计算机科学与技术', '212');
INSERT INTO `stu` VALUES ('202411116676', 0, '111111112344', 1, 2, '计算机科学与技术', '212');
INSERT INTO `stu` VALUES ('202411116678', 0, '111111112342', NULL, 3, '计算机科学与技术', '212');
INSERT INTO `stu` VALUES ('202411116680', 0, '111111112342', 1, 3, '计算机科学与技术', '212');
INSERT INTO `stu` VALUES ('202411116682', 0, '111111112342', NULL, 3, '计算机科学与技术', '213');
INSERT INTO `stu` VALUES ('202411116684', 0, '111111112230', NULL, 4, '计算机科学与技术', '211');
INSERT INTO `stu` VALUES ('202411116686', 0, '111111112230', NULL, 4, '计算机科学与技术', '211');
INSERT INTO `stu` VALUES ('202411116688', 0, '111111112242', NULL, 5, '计算机科学与技术', '211');
INSERT INTO `stu` VALUES ('202411116690', 0, '111111112242', NULL, 5, '计算机科学与技术', '212');
INSERT INTO `stu` VALUES ('202411116692', 0, '111111112242', NULL, 5, '计算机科学与技术', '212');
INSERT INTO `stu` VALUES ('202411116694', 0, '111111112242', NULL, 6, '计算机科学与技术', '212');
INSERT INTO `stu` VALUES ('202411116696', 0, '111111112242', NULL, 6, '计算机科学与技术', '212');
INSERT INTO `stu` VALUES ('202411116698', 0, '111111112242', NULL, 6, '计算机科学与技术', '213');
INSERT INTO `stu` VALUES ('202411116700', 0, '111111112266', NULL, 7, '计算机科学与技术', '321');
INSERT INTO `stu` VALUES ('202411116702', 0, '111111112266', NULL, 7, '计算机科学与技术', '211');
INSERT INTO `stu` VALUES ('202411116704', 0, '111111112266', NULL, 7, '计算机科学与技术', '211');
INSERT INTO `stu` VALUES ('202411116706', 0, '111111112228', NULL, 8, '计算机科学与技术', '211');
INSERT INTO `stu` VALUES ('202411116708', 0, '111111112228', NULL, 8, '计算机科学与技术', '212');
INSERT INTO `stu` VALUES ('202411116710', 0, '111111112228', NULL, 8, '计算机科学与技术', '212');
INSERT INTO `stu` VALUES ('202411116712', 0, '111111112240', NULL, 9, '计算机科学与技术', '212');
INSERT INTO `stu` VALUES ('202411116714', 0, '111111112240', NULL, 9, '计算机科学与技术', '212');
INSERT INTO `stu` VALUES ('202411116716', 0, '111111112240', NULL, 9, '计算机科学与技术', '213');
INSERT INTO `stu` VALUES ('202411116718', 0, '111111112252', NULL, 10, '计算机科学与技术', '321');
INSERT INTO `stu` VALUES ('202411116720', 0, '111111112252', NULL, 10, '计算机科学与技术', '211');
INSERT INTO `stu` VALUES ('202411116722', 0, '111111112252', NULL, 10, '计算机科学与技术', '211');
INSERT INTO `stu` VALUES ('202411116724', 0, '111111112260', NULL, 11, '计算机科学与技术', '211');
INSERT INTO `stu` VALUES ('202411116726', 0, '111111112260', NULL, 11, '计算机科学与技术', '212');
INSERT INTO `stu` VALUES ('202411116728', 0, '111111112260', NULL, 11, '计算机科学与技术', '212');
INSERT INTO `stu` VALUES ('202411116730', 0, '111111112264', NULL, 12, '计算机科学与技术', '212');
INSERT INTO `stu` VALUES ('202411116732', 0, '111111112264', NULL, 12, '计算机科学与技术', '212');
INSERT INTO `stu` VALUES ('202411116734', 0, '111111112264', NULL, 12, '计算机科学与技术', '213');
INSERT INTO `stu` VALUES ('202411116736', 0, '111111112274', NULL, 13, '计算机科学与技术', '321');
INSERT INTO `stu` VALUES ('202411116738', 0, '111111112274', NULL, 13, '计算机科学与技术', '211');
INSERT INTO `stu` VALUES ('202411116740', 0, '111111112274', NULL, 13, '计算机科学与技术', '211');
INSERT INTO `stu` VALUES ('202411116742', 0, '111111112280', NULL, 14, '计算机科学与技术', '211');
INSERT INTO `stu` VALUES ('202411116744', 0, '111111112280', NULL, 14, '计算机科学与技术', '212');
INSERT INTO `stu` VALUES ('202411116746', 0, '111111112280', NULL, 14, '计算机科学与技术', '212');
INSERT INTO `stu` VALUES ('202411116748', 0, '111111112286', NULL, 15, '计算机科学与技术', '212');
INSERT INTO `stu` VALUES ('202411116750', 0, '111111112286', NULL, 15, '计算机科学与技术', '212');
INSERT INTO `stu` VALUES ('202411116752', 0, '111111112286', NULL, 15, '计算机科学与技术', '213');
INSERT INTO `stu` VALUES ('202411116754', 0, '111111112292', NULL, 16, '计算机科学与技术', '321');
INSERT INTO `stu` VALUES ('202411116756', 0, '111111112292', NULL, 16, '计算机科学与技术', '211');
INSERT INTO `stu` VALUES ('202411116758', 0, '111111112292', NULL, 16, '计算机科学与技术', '211');
INSERT INTO `stu` VALUES ('202411116760', 0, '111177777777', NULL, 17, '计算机科学与技术', '211');
INSERT INTO `stu` VALUES ('202411116762', 0, '111177777777', NULL, 17, '计算机科学与技术', '212');
INSERT INTO `stu` VALUES ('202411116764', 0, '111177777777', NULL, 17, '计算机科学与技术', '212');
INSERT INTO `stu` VALUES ('202411116766', 0, '111111112298', NULL, 18, '计算机科学与技术', '212');
INSERT INTO `stu` VALUES ('202411116768', 0, '111111112298', NULL, 18, '计算机科学与技术', '212');
INSERT INTO `stu` VALUES ('202411116770', 0, '111111112298', NULL, 18, '计算机科学与技术', '213');
INSERT INTO `stu` VALUES ('202411116772', 0, '111111112304', NULL, 19, '计算机科学与技术', '321');
INSERT INTO `stu` VALUES ('202411116774', 0, '111111112304', NULL, 19, '计算机科学与技术', '211');
INSERT INTO `stu` VALUES ('202411116776', 0, '111111112304', NULL, 19, '计算机科学与技术', '211');
INSERT INTO `stu` VALUES ('202411116778', 0, '111111112310', NULL, 20, '计算机科学与技术', '211');
INSERT INTO `stu` VALUES ('202411116780', 0, '111111112310', NULL, 20, '计算机科学与技术', '212');
INSERT INTO `stu` VALUES ('202411116782', 0, '111111112310', NULL, 20, '计算机科学与技术', '212');
INSERT INTO `stu` VALUES ('202411116784', 0, '111111112316', NULL, 21, '计算机科学与技术', '212');
INSERT INTO `stu` VALUES ('202411116786', 0, '111111112316', NULL, 21, '计算机科学与技术', '212');
INSERT INTO `stu` VALUES ('202411116788', 0, '111111112316', NULL, 21, '计算机科学与技术', '213');
INSERT INTO `stu` VALUES ('202411116790', 0, '111111112322', NULL, 22, '计算机科学与技术', '321');
INSERT INTO `stu` VALUES ('202422222222', 0, '111111111111', NULL, 1, '计算机科学与技术', '211');
INSERT INTO `stu` VALUES ('202433333333', 0, '111111111111', NULL, 1, '计算机科学与技术', '211');
INSERT INTO `stu` VALUES ('202444444444', 0, '111111112328', NULL, 23, '计算机科学与技术', '211');
INSERT INTO `stu` VALUES ('202455555555', 0, '111111112328', NULL, 23, '计算机科学与技术', '212');
INSERT INTO `stu` VALUES ('202466666666', 0, '111111112328', NULL, 23, '计算机科学与技术', '212');
INSERT INTO `stu` VALUES ('202477777777', 0, '111111112334', NULL, 24, '计算机科学与技术', '212');
INSERT INTO `stu` VALUES ('202488888888', 0, '111111112334', NULL, 24, '计算机科学与技术', '212');
INSERT INTO `stu` VALUES ('202499999999', 0, '111111112334', NULL, 24, '计算机科学与技术', '213');

-- ----------------------------
-- Table structure for teacher
-- ----------------------------
DROP TABLE IF EXISTS `teacher`;
CREATE TABLE `teacher`  (
  `teacher_id` char(12) CHARACTER SET utf8mb4 COLLATE utf8mb4_0900_ai_ci NOT NULL,
  `teacher_type` enum('组长','指导教师','小组秘书兼评阅教师') CHARACTER SET utf8mb4 COLLATE utf8mb4_0900_ai_ci NOT NULL,
  `teacher_group_id` int NULL DEFAULT NULL,
  `title` enum('教授','副教授','讲师') CHARACTER SET utf8mb4 COLLATE utf8mb4_0900_ai_ci NULL DEFAULT NULL COMMENT '老师职称',
  PRIMARY KEY (`teacher_id`) USING BTREE,
  INDEX `teacher_id`(`teacher_id` ASC) USING BTREE,
  INDEX `teacher_group_id`(`teacher_group_id` ASC) USING BTREE,
  CONSTRAINT `teacher_ibfk_1` FOREIGN KEY (`teacher_id`) REFERENCES `user` (`user_id`) ON DELETE CASCADE ON UPDATE CASCADE
) ENGINE = InnoDB CHARACTER SET = utf8mb4 COLLATE = utf8mb4_0900_ai_ci ROW_FORMAT = DYNAMIC;

-- ----------------------------
-- Records of teacher
-- ----------------------------
INSERT INTO `teacher` VALUES ('111111111111', '指导教师', 1, '教授');
INSERT INTO `teacher` VALUES ('111111112222', '组长', 4, '讲师');
INSERT INTO `teacher` VALUES ('111111112224', '小组秘书兼评阅教师', 8, '讲师');
INSERT INTO `teacher` VALUES ('111111112226', '小组秘书兼评阅教师', 4, '副教授');
INSERT INTO `teacher` VALUES ('111111112228', '指导教师', 8, '教授');
INSERT INTO `teacher` VALUES ('111111112230', '指导教师', 4, '讲师');
INSERT INTO `teacher` VALUES ('111111112232', '组长', 9, '教授');
INSERT INTO `teacher` VALUES ('111111112234', '组长', 5, '教授');
INSERT INTO `teacher` VALUES ('111111112236', '小组秘书兼评阅教师', 9, '讲师');
INSERT INTO `teacher` VALUES ('111111112238', '小组秘书兼评阅教师', 5, '教授');
INSERT INTO `teacher` VALUES ('111111112240', '指导教师', 9, '副教授');
INSERT INTO `teacher` VALUES ('111111112242', '指导教师', 5, '副教授');
INSERT INTO `teacher` VALUES ('111111112244', '组长', 10, '讲师');
INSERT INTO `teacher` VALUES ('111111112246', '组长', 6, '讲师');
INSERT INTO `teacher` VALUES ('111111112248', '小组秘书兼评阅教师', 10, '教授');
INSERT INTO `teacher` VALUES ('111111112250', '小组秘书兼评阅教师', 6, '教授');
INSERT INTO `teacher` VALUES ('111111112252', '指导教师', 10, '教授');
INSERT INTO `teacher` VALUES ('111111112254', '指导教师', 6, '副教授');
INSERT INTO `teacher` VALUES ('111111112256', '组长', 11, '副教授');
INSERT INTO `teacher` VALUES ('111111112258', '组长', 7, '讲师');
INSERT INTO `teacher` VALUES ('111111112260', '指导教师', 11, '讲师');
INSERT INTO `teacher` VALUES ('111111112262', '小组秘书兼评阅教师', 7, '教授');
INSERT INTO `teacher` VALUES ('111111112264', '指导教师', 12, '教授');
INSERT INTO `teacher` VALUES ('111111112266', '指导教师', 7, '教授');
INSERT INTO `teacher` VALUES ('111111112268', '组长', 12, '副教授');
INSERT INTO `teacher` VALUES ('111111112270', '组长', 8, '副教授');
INSERT INTO `teacher` VALUES ('111111112272', '小组秘书兼评阅教师', 12, '讲师');
INSERT INTO `teacher` VALUES ('111111112274', '指导教师', 13, '教授');
INSERT INTO `teacher` VALUES ('111111112276', '组长', 13, '教授');
INSERT INTO `teacher` VALUES ('111111112278', '小组秘书兼评阅教师', 13, '副教授');
INSERT INTO `teacher` VALUES ('111111112280', '指导教师', 14, '讲师');
INSERT INTO `teacher` VALUES ('111111112282', '组长', 14, '教授');
INSERT INTO `teacher` VALUES ('111111112284', '小组秘书兼评阅教师', 14, '讲师');
INSERT INTO `teacher` VALUES ('111111112286', '指导教师', 15, '副教授');
INSERT INTO `teacher` VALUES ('111111112288', '组长', 15, '讲师');
INSERT INTO `teacher` VALUES ('111111112290', '小组秘书兼评阅教师', 15, '教授');
INSERT INTO `teacher` VALUES ('111111112292', '指导教师', 16, '教授');
INSERT INTO `teacher` VALUES ('111111112294', '组长', 16, '副教授');
INSERT INTO `teacher` VALUES ('111111112296', '小组秘书兼评阅教师', 16, '讲师');
INSERT INTO `teacher` VALUES ('111111112298', '指导教师', 18, '讲师');
INSERT INTO `teacher` VALUES ('111111112300', '组长', 18, '副教授');
INSERT INTO `teacher` VALUES ('111111112302', '小组秘书兼评阅教师', 18, '讲师');
INSERT INTO `teacher` VALUES ('111111112304', '指导教师', 19, '教授');
INSERT INTO `teacher` VALUES ('111111112306', '组长', 19, '教授');
INSERT INTO `teacher` VALUES ('111111112308', '小组秘书兼评阅教师', 19, '副教授');
INSERT INTO `teacher` VALUES ('111111112310', '指导教师', 20, '讲师');
INSERT INTO `teacher` VALUES ('111111112312', '组长', 20, '教授');
INSERT INTO `teacher` VALUES ('111111112314', '小组秘书兼评阅教师', 20, '教授');
INSERT INTO `teacher` VALUES ('111111112316', '指导教师', 21, '讲师');
INSERT INTO `teacher` VALUES ('111111112318', '组长', 21, '副教授');
INSERT INTO `teacher` VALUES ('111111112320', '小组秘书兼评阅教师', 21, '副教授');
INSERT INTO `teacher` VALUES ('111111112322', '指导教师', 22, '讲师');
INSERT INTO `teacher` VALUES ('111111112324', '组长', 22, '副教授');
INSERT INTO `teacher` VALUES ('111111112326', '小组秘书兼评阅教师', 22, '讲师');
INSERT INTO `teacher` VALUES ('111111112328', '指导教师', 23, '教授');
INSERT INTO `teacher` VALUES ('111111112330', '组长', 23, '讲师');
INSERT INTO `teacher` VALUES ('111111112332', '小组秘书兼评阅教师', 23, '副教授');
INSERT INTO `teacher` VALUES ('111111112334', '指导教师', 24, '讲师');
INSERT INTO `teacher` VALUES ('111111112336', '组长', 24, '教授');
INSERT INTO `teacher` VALUES ('111111112338', '小组秘书兼评阅教师', 24, '教授');
INSERT INTO `teacher` VALUES ('111111112340', '组长', 2, '讲师');
INSERT INTO `teacher` VALUES ('111111112342', '指导教师', 3, '教授');
INSERT INTO `teacher` VALUES ('111111112344', '指导教师', 2, '教授');
INSERT INTO `teacher` VALUES ('111111112346', '小组秘书兼评阅教师', 2, '副教授');
INSERT INTO `teacher` VALUES ('111122222222', '小组秘书兼评阅教师', 1, '副教授');
INSERT INTO `teacher` VALUES ('111133333333', '组长', 1, '讲师');
INSERT INTO `teacher` VALUES ('111144444444', '小组秘书兼评阅教师', 3, '教授');
INSERT INTO `teacher` VALUES ('111155555555', '组长', 3, '副教授');
INSERT INTO `teacher` VALUES ('111166666666', '小组秘书兼评阅教师', 11, '教授');
INSERT INTO `teacher` VALUES ('111177777777', '指导教师', 17, '教授');
INSERT INTO `teacher` VALUES ('111188888888', '组长', 17, '教授');
INSERT INTO `teacher` VALUES ('111199999999', '小组秘书兼评阅教师', 17, '副教授');

-- ----------------------------
-- Table structure for user
-- ----------------------------
DROP TABLE IF EXISTS `user`;
CREATE TABLE `user`  (
  `user_id` char(12) CHARACTER SET utf8mb4 COLLATE utf8mb4_0900_ai_ci NOT NULL,
  `type` char(6) CHARACTER SET utf8mb4 COLLATE utf8mb4_0900_ai_ci NOT NULL,
  `name` varchar(255) CHARACTER SET utf8mb4 COLLATE utf8mb4_0900_ai_ci NOT NULL,
  `age` varchar(3) CHARACTER SET utf8mb4 COLLATE utf8mb4_0900_ai_ci NOT NULL,
  `gender` char(2) CHARACTER SET utf8mb4 COLLATE utf8mb4_0900_ai_ci NOT NULL,
  `tel` char(11) CHARACTER SET utf8mb4 COLLATE utf8mb4_0900_ai_ci NOT NULL,
  `email` varchar(255) CHARACTER SET utf8mb4 COLLATE utf8mb4_0900_ai_ci NOT NULL,
  `province` char(6) CHARACTER SET utf8mb4 COLLATE utf8mb4_0900_ai_ci NOT NULL,
  `city` char(6) CHARACTER SET utf8mb4 COLLATE utf8mb4_0900_ai_ci NOT NULL,
  `area` char(6) CHARACTER SET utf8mb4 COLLATE utf8mb4_0900_ai_ci NOT NULL,
  `detailAdd` varchar(255) CHARACTER SET utf8mb4 COLLATE utf8mb4_0900_ai_ci NOT NULL,
  `password` varchar(255) CHARACTER SET utf8mb4 COLLATE utf8mb4_0900_ai_ci NOT NULL DEFAULT '88888888',
  `user_pic` varchar(255) CHARACTER SET utf8mb4 COLLATE utf8mb4_0900_ai_ci NULL DEFAULT NULL,
  PRIMARY KEY (`user_id`) USING BTREE
) ENGINE = InnoDB CHARACTER SET = utf8mb4 COLLATE = utf8mb4_0900_ai_ci ROW_FORMAT = DYNAMIC;

-- ----------------------------
-- Records of user
-- ----------------------------
INSERT INTO `user` VALUES ('000000000000', '管理员', 'admin', '99', '?', '110', '120@byebye.com', '450000', '450500', '450502', '东街派出所', '99', '?');
INSERT INTO `user` VALUES ('111111111111', '老师', '李飞', '19', '女', '13877915517', '001@qq.com', '450000', '450100', '450105', 'C大八仙桌', '0001', '001');
INSERT INTO `user` VALUES ('111111112222', '老师', '姚杰宏', '58', '男', '15817470110', 'jiehongyao@gmail.com', '893735', '046690', '653441', '福田区深南大道377号', '0002', 'bBI7MLs108');
INSERT INTO `user` VALUES ('111111112224', '老师', '韦震南', '75', '男', '18179827674', 'wei310@gmail.com', '952316', '289358', '205906', '福田区深南大道978号', 'rNyNt0Tt7X', '7PIIHXavDa');
INSERT INTO `user` VALUES ('111111112226', '老师', '向璐', '81', '女', '17019685110', 'luxiang5@gmail.com', '027075', '259893', '663001', '环区南街二巷940号', '8rE7aqSatI', 'nsl37BXrvg');
INSERT INTO `user` VALUES ('111111112228', '老师', '薛宇宁', '57', '男', '17156718584', 'xue426@qq.com', '156424', '667409', '507452', '京华商圈华夏街309号', 'N2BcPjuq8X', 'zy7rtOd6nb');
INSERT INTO `user` VALUES ('111111112230', '老师', '田宇宁', '32', '男', '18918158992', 'yuning1028@163.com', '778620', '681318', '899586', '朝阳区三里屯路71号', '8EnPC7aJwT', 'sFySXUncU1');
INSERT INTO `user` VALUES ('111111112232', '老师', '彭云熙', '42', '男', '18614801446', 'penyun81@gmail.com', '759427', '139711', '957028', '東城区東直門內大街256号', 'wofCop5nUd', '1nXuAYE09g');
INSERT INTO `user` VALUES ('111111112234', '老师', '向嘉伦', '67', '男', '13479539019', 'jialunxiang611@qq.com', '447894', '343590', '464466', '东泰五街198号', 'xhEn7CmVc7', 'Rjk38cc9cp');
INSERT INTO `user` VALUES ('111111112236', '老师', '任致远', '82', '男', '14724214740', 'rzhiy@163.com', '837129', '854501', '008696', '浦东新区橄榄路195号', 'iD2y0DBFKv', 'DGhB7M4p7k');
INSERT INTO `user` VALUES ('111111112238', '老师', '吴子韬', '77', '男', '19,18902817', 'wzit95@gmail.com', '813575', '326591', '176819', '京华商圈华夏街696号', 'm54rTaolDh', 'KyNq26Hk1f');
INSERT INTO `user` VALUES ('111111112240', '老师', '韦宇宁', '32', '男', '19977663080', 'ywei@qq.com', '628836', '734433', '680870', '徐汇区虹桥路634号', 'HefduRAf6s', 'imBQ4meRa5');
INSERT INTO `user` VALUES ('111111112242', '老师', '袁岚', '54', '女', '16624195109', 'lanyu5@gmail.com', '441898', '060803', '294357', '福田区深南大道471号', '5qmW3HxAHC', 'jhUCJZSSPR');
INSERT INTO `user` VALUES ('111111112244', '老师', '潘璐', '75', '女', '17300630835', 'lpan2019@yahoo.com', '011796', '876411', '742217', '海淀区清河中街68号901号', 'Yl2IT8egj1', 'zdOluYCHtI');
INSERT INTO `user` VALUES ('111111112246', '老师', '何宇宁', '38', '男', '17408026761', 'heyuning7@163.com', '105955', '112919', '226611', '罗湖区蔡屋围深南东路700号', 'K3jryCN28d', 'XwuxtkBM9z');
INSERT INTO `user` VALUES ('111111112248', '老师', '阎詩涵', '65', '女', '17801695792', 'yashihan@yahoo.com', '899926', '475928', '018655', '海淀区清河中街68号964号', 'huY0838E49', 'qCmcRTQtYF');
INSERT INTO `user` VALUES ('111111112250', '老师', '龙子韬', '45', '男', '16676520403', 'longzit5@gmail.com', '188883', '688094', '056515', '黄浦区淮海中路156号', 'lCgIecJIo6', '0QFSmJMbic');
INSERT INTO `user` VALUES ('111111112252', '老师', '田璐', '76', '女', '19967876339', 'lut77@gmail.com', '443095', '181604', '973786', '白云区小坪东路714号', 'LoIC0RNTLr', 'Qhk65XdDVK');
INSERT INTO `user` VALUES ('111111112254', '老师', '周安琪', '70', '女', '18450742513', 'anqizhou1@gmail.com', '267074', '674119', '715887', '東城区東直門內大街637号', 'YWaBGtHDsd', 'qYChKnAu40');
INSERT INTO `user` VALUES ('111111112256', '老师', '郭嘉伦', '27', '男', '16664732129', 'gjialun902@gmail.com', '585618', '217658', '336634', '福田区深南大道340号', 'qxSqAmuFit', '9Rtrfshbkl');
INSERT INTO `user` VALUES ('111111112258', '老师', '方云熙', '45', '男', '17673756460', 'fangyunxi41@gmail.com', '787939', '234206', '210286', '延庆区028县道229号', 'KH7V0g4PWA', 'hmy5L4HGEB');
INSERT INTO `user` VALUES ('111111112260', '老师', '于秀英', '78', '女', '18732907784', 'yu92@gmail.com', '816511', '338952', '133546', '越秀区中山二路197号', '8nQMluGsGD', 'lWarkriY1G');
INSERT INTO `user` VALUES ('111111112262', '老师', '姚子异', '87', '男', '13325533755', 'yaoziy8@gmail.com', '089084', '195213', '058640', '东泰五街288号', 'u0HwXwQHUW', 'AUu61fpPFn');
INSERT INTO `user` VALUES ('111111112264', '老师', '贺睿', '82', '男', '16632598920', 'ruihe1@163.com', '291516', '139626', '226840', '珊瑚路866号', 'Oc2Kp3mLbe', 'ANHU0DSxDM');
INSERT INTO `user` VALUES ('111111112266', '老师', '刘睿', '62', '男', '17033426380', 'liur@gmail.com', '531435', '026541', '657503', '西城区西長安街794号', '8u1AJj7DrM', 'A3SUADxqCk');
INSERT INTO `user` VALUES ('111111112268', '老师', '韦璐', '59', '女', '16608307013', 'luwei@gmail.com', '870947', '555632', '316239', '白云区机场路棠苑街五巷78号', 'qytrWvqGeM', 'LHzC19t7Zr');
INSERT INTO `user` VALUES ('111111112270', '老师', '胡致远', '35', '男', '16686100466', 'zhiyuan71@gmail.com', '150945', '453975', '520280', '越秀区中山二路68号', 'nqw4kscREs', 'uAQRul7Gnj');
INSERT INTO `user` VALUES ('111111112272', '老师', '曾杰宏', '41', '男', '14782026949', 'jiehong929@qq.com', '371597', '131076', '687706', '浦东新区橄榄路514号', 'VQq5KSpMrE', 'mMQow5chCN');
INSERT INTO `user` VALUES ('111111112274', '老师', '陆璐', '79', '女', '15,13604935', 'll531@qq.com', '022854', '159825', '614945', '白云区小坪东路841号', 'fmHTOgxGRG', 'uJ7uZEtkzy');
INSERT INTO `user` VALUES ('111111112276', '老师', '袁杰宏', '51', '男', '14899522239', 'yjiehong@yahoo.com', '830746', '379691', '272339', '黄浦区淮海中路651号', 'Pt4s99thdv', '4C7oHaLITX');
INSERT INTO `user` VALUES ('111111112278', '老师', '汤宇宁', '38', '男', '19938211503', 'yuningt@gmail.com', '197718', '311673', '113514', '天河区天河路843号', 'GNKWp9XSq9', 'DYwGOigdiN');
INSERT INTO `user` VALUES ('111111112280', '老师', '高秀英', '36', '女', '13727582833', 'xgao@yahoo.com', '811852', '260618', '452438', '锦江区红星路三段835号', 'h5Y84Y6REh', 'ihxMfPjIXR');
INSERT INTO `user` VALUES ('111111112282', '老师', '谭詩涵', '86', '女', '19,48490496', 'tans2@gmail.com', '487292', '679894', '064836', '珊瑚路509号', 'c2G3VOSuHQ', 'HFt3jRczjE');
INSERT INTO `user` VALUES ('111111112284', '老师', '董璐', '71', '女', '14607754904', 'ludong04@yahoo.com', '768148', '805105', '799855', '锦江区人民南路四段953号', 'qVlVs8Rrq3', 'WfUXtsxXUg');
INSERT INTO `user` VALUES ('111111112286', '老师', '秦宇宁', '43', '男', '13735789916', 'yuninqi@gmail.com', '389758', '033931', '018675', '天河区天河路679号', 'uhGCyhm08C', 'jvDo9FmZF0');
INSERT INTO `user` VALUES ('111111112288', '老师', '蔡杰宏', '24', '男', '15684385429', 'caijiehong@yahoo.com', '583180', '797049', '237501', '紫马岭商圈中山五路211号', 'KpjnD1Wm01', 'HrhghFroKE');
INSERT INTO `user` VALUES ('111111112290', '老师', '侯岚', '32', '女', '15045846635', 'houlan@gmail.com', '389993', '194606', '465545', '罗湖区清水河一路275号', 'Mz9m8Ozle9', 'HO7brLWZ56');
INSERT INTO `user` VALUES ('111111112292', '老师', '黎岚', '40', '女', '13238028339', 'lila@gmail.com', '119980', '347672', '777036', '海淀区清河中街68号304号', 'm2PIJSKbRr', 'p5vRmM3Ewd');
INSERT INTO `user` VALUES ('111111112294', '老师', '陈璐', '44', '女', '19,77153270', 'lu53@gmail.com', '291370', '059489', '065742', '闵行区宾川路586号', 'L1kNRaiybq', 'yNqMw2w8zM');
INSERT INTO `user` VALUES ('111111112296', '老师', '邵秀英', '42', '女', '16650385228', 'shxiuying2@gmail.com', '984272', '362977', '973046', '西城区西長安街955号', 'XwuFkFX9Yb', '5gS2IoZ0nM');
INSERT INTO `user` VALUES ('111111112298', '老师', '钟宇宁', '36', '男', '13743705696', 'zhong1126@gmail.com', '304148', '878748', '507109', '西城区西長安街70号', '6xvAecRjSE', '7Q97EKUvql');
INSERT INTO `user` VALUES ('111111112300', '老师', '张子异', '50', '男', '13674673024', 'ziyi3@gmail.com', '195811', '074785', '811988', '朝阳区三里屯路672号', 'SZkLy6nApH', 'ytnSp6bCfL');
INSERT INTO `user` VALUES ('111111112302', '老师', '汤子异', '19', '男', '16652390781', 'ziyita2@gmail.com', '939473', '041969', '227305', '海珠区江南西路47号', 'ymzVWghpNb', '8VOscLA3GT');
INSERT INTO `user` VALUES ('111111112304', '老师', '董震南', '22', '男', '17753888168', 'dongzhe84@yahoo.com', '191715', '245786', '972926', '房山区岳琉路196号', 'S3s1pVhegu', 'OBhZZ94GyL');
INSERT INTO `user` VALUES ('111111112306', '老师', '谢致远', '37', '男', '16608786012', 'xiezhiyuan@gmail.com', '914869', '440964', '732999', '罗湖区田贝一路739号', 'Ow8nNOWa2R', 'P252lrMkUO');
INSERT INTO `user` VALUES ('111111112308', '老师', '朱震南', '73', '男', '16660443734', 'zhzhennan49@gmail.com', '124424', '945784', '030335', '京华商圈华夏街611号', 'oXi8whrxAj', 'lRudVn534S');
INSERT INTO `user` VALUES ('111111112310', '老师', '陆璐', '81', '女', '18905741732', 'llu@gmail.com', '594413', '725890', '515223', '乐丰六路531号', 'rWk7TdxxAj', 'EVhpM5jIQj');
INSERT INTO `user` VALUES ('111111112312', '老师', '袁晓明', '44', '男', '14787147439', 'xiaoyuan@yahoo.com', '009504', '320336', '095327', '珊瑚路412号', 'yh6bo9pTco', 'Pbel4UaK51');
INSERT INTO `user` VALUES ('111111112314', '老师', '高杰宏', '37', '男', '13092705282', 'jiehong96@yahoo.com', '036931', '278336', '556988', '天河区大信商圈大信南路719号', '7slaLLXUcL', 'rCS4x62jSg');
INSERT INTO `user` VALUES ('111111112316', '老师', '曹岚', '27', '女', '13489859681', 'lac411@gmail.com', '640534', '192294', '963921', '龙岗区学园一巷415号', 'IdLaWvxryd', 'E2iVi6OoZx');
INSERT INTO `user` VALUES ('111111112318', '老师', '郝震南', '40', '男', '17041159745', 'zhennh2014@gmail.com', '914499', '532314', '158730', '龙岗区学园一巷256号', 'vsd4ObAKi2', 'G2SS2CsNVC');
INSERT INTO `user` VALUES ('111111112320', '老师', '吴震南', '50', '男', '18304691721', 'zhennanwu@yahoo.com', '599485', '217975', '340995', '罗湖区田贝一路947号', 'a8sHoUjz6V', 'uC0wzamvOk');
INSERT INTO `user` VALUES ('111111112322', '老师', '史秀英', '55', '女', '17884377841', 'shix@gmail.com', '545573', '823400', '830882', '福田区深南大道295号', 'OdsY1Z1paU', 'WqRZIStOVj');
INSERT INTO `user` VALUES ('111111112324', '老师', '胡震南', '51', '男', '15053543668', 'huz201@yahoo.com', '807898', '759074', '968634', '西城区复兴门内大街187号', 'Rs5omyRauW', 'Kbq8S5OGLB');
INSERT INTO `user` VALUES ('111111112326', '老师', '陆嘉伦', '62', '男', '17613864734', 'luji4@gmail.com', '880985', '197955', '313758', '东城区东单王府井东街625号', 'i1kc71M9rN', 'LEQfBQBzPV');
INSERT INTO `user` VALUES ('111111112328', '老师', '沈宇宁', '66', '男', '16693985486', 'sheyu8@yahoo.com', '644205', '685247', '083340', '京华商圈华夏街529号', 'GuMyer2tgb', 'S3WE7UJzNW');
INSERT INTO `user` VALUES ('111111112330', '老师', '段詩涵', '25', '女', '17435204390', 'dushi@163.com', '852344', '317955', '513753', '乐丰六路996号', '4ytnFVfoUT', 'sGRWsjKL21');
INSERT INTO `user` VALUES ('111111112332', '老师', '蔡岚', '86', '女', '16693494212', 'cailan2@gmail.com', '289877', '231514', '049351', '朝阳区三里屯路817号', 'mLAnEKACT5', 'u8g2VfkFyu');
INSERT INTO `user` VALUES ('111111112334', '老师', '陶致远', '63', '男', '17018757475', 'taoz@yahoo.com', '052780', '472856', '061541', '东城区东单王府井东街85号', 'N3wdnbpSsP', 'gOac6qlPME');
INSERT INTO `user` VALUES ('111111112336', '老师', '夏云熙', '40', '男', '16694717295', 'yunxix8@gmail.com', '336758', '081925', '856854', '京华商圈华夏街209号', '6gcegGBZLM', '9AEdLe59Vh');
INSERT INTO `user` VALUES ('111111112338', '老师', '潘詩涵', '35', '女', '19898132589', 'pashihan5@yahoo.com', '074980', '779020', '787218', '罗湖区田贝一路987号', 'dmsd7ahPDb', 'osKJdKvHZ2');
INSERT INTO `user` VALUES ('111111112340', '老师', '罗晓明', '75', '男', '19,46028073', 'xiaoming9@yahoo.com', '760835', '916532', '018441', '海珠区江南西路154号', 'Lao86mzLAm', 'O57ArKDIPa');
INSERT INTO `user` VALUES ('111111112342', '老师', '蔡安琪', '55', '女', '15717415726', 'anqi1211@gmail.com', '069095', '247515', '041703', '成华区双庆路739号', 'qwmFoMBF0Q', '013VkKxrNY');
INSERT INTO `user` VALUES ('111111112344', '老师', '汪璐', '79', '女', '15635516307', 'lu61@yahoo.com', '747354', '847463', '567263', '龙岗区学园一巷97号', 'B7suY84Kdf', '1nIWrPqmbu');
INSERT INTO `user` VALUES ('111111112346', '老师', '武睿', '64', '男', '16643236877', 'wu703@gmail.com', '907112', '396676', '906840', '龙岗区学园一巷62号', '8CrKOgKKFT', '7W7zvDBWw2');
INSERT INTO `user` VALUES ('111122222222', '老师', '张坝', '63', '男', '00000000002', '002', '000002', '000002', '000002', '罗湖区田贝一路948号', '0002', '002');
INSERT INTO `user` VALUES ('111133333333', '老师', '刘成', '62', '女', '00000000003', '003', '000003', '000003', '000003', '福田区深南大道296号', '0003', '003');
INSERT INTO `user` VALUES ('111144444444', '老师', '程武', '74', '男', '00000000004', '004', '000004', '000004', '000004', '西城区复兴门内大街188号', '0004', '004');
INSERT INTO `user` VALUES ('111155555555', '老师', '劳六', '48', '女', '00000000005', '005', '000005', '000005', '000005', '东城区东单王府井东街626号', '0005', '005');
INSERT INTO `user` VALUES ('111166666666', '老师', '戴桑', '94', '男', '00000000006', '006', '000006', '000006', '000006', '京华商圈华夏街530号', '0006', '006');
INSERT INTO `user` VALUES ('111177777777', '老师', '詹锋', '63', '女', '00000000007', '007', '000007', '000007', '000007', '乐丰六路997号', '0007', '007');
INSERT INTO `user` VALUES ('111188888888', '老师', '龙鸣', '47', '男', '00000000008', '008', '000008', '000008', '000008', '朝阳区三里屯路818号', '0008', '008');
INSERT INTO `user` VALUES ('111199999999', '老师', '哈辉', '54', '女', '56789101112', '105', '141414', '141414', '141414', '东城区东单王府井东街86号', '1414', '14');
INSERT INTO `user` VALUES ('202411111111', '学生', '奥术飞弹', '9', '男', '11111111111', '111', '350000', '350100', '350104', '京华商圈华夏街210号', '1111', '1');
INSERT INTO `user` VALUES ('202411116666', '学生', '哈发哦李', '66', '男', '13877789999', '1256773838@qq.com', '110000', '110000', '110106', '罗湖区田贝一路988号', '88888888', NULL);
INSERT INTO `user` VALUES ('202411116668', '学生', '郭子韬', '76', '男', '19808029463', 'guoz@gmail.com', '398148', '272515', '232482', '紫马岭商圈中山五路643号', 'SBLhImezya', 'NrnKAbf1nM');
INSERT INTO `user` VALUES ('202411116670', '学生', '曹晓明', '35', '男', '15558417378', 'caxiaom@gmail.com', '808922', '425337', '679430', '東城区東直門內大街568号', '9JjMoylHGk', 'vUl4lAheE4');
INSERT INTO `user` VALUES ('202411116672', '学生', '薛秀英', '33', '女', '18882879297', 'xue518@gmail.com', '092390', '617156', '478819', '锦江区红星路三段501号', 'lhs3GBc6oX', 'WN5QiksBuI');
INSERT INTO `user` VALUES ('202411116674', '学生', '丁安琪', '62', '女', '19,57255747', 'anding@gmail.com', '401297', '637031', '449793', '成华区二仙桥东三路428号', '46BDG9vWP1', 'jlDy2Z9soa');
INSERT INTO `user` VALUES ('202411116676', '学生', '梁睿', '49', '男', '13693257056', 'ruil6@qq.com', '500015', '981510', '326233', '龙岗区布吉镇西环路112号', 'auDXJsYsrl', 'MSRTgynMWL');
INSERT INTO `user` VALUES ('202411116678', '学生', '蒋璐', '31', '女', '13882259806', 'jianglu@gmail.com', '410489', '682626', '150947', '海淀区清河中街68号527号', 'uvOLZhjox6', 'TLN1COizmX');
INSERT INTO `user` VALUES ('202411116680', '学生', '贾晓明', '72', '男', '15315425042', 'jix@yahoo.com', '089206', '465184', '251907', '海淀区清河中街68号70号', 'JjB7yrljkh', 'iywPaIgkEV');
INSERT INTO `user` VALUES ('202411116682', '学生', '孔震南', '47', '男', '19868596233', 'zhennan75@gmail.com', '216607', '733954', '383678', '徐汇区虹桥路211号', 'HcEB7Ruz0l', 'r8h5VTdHUk');
INSERT INTO `user` VALUES ('202411116684', '学生', '冯子异', '60', '男', '17307697034', 'zf1@yahoo.com', '197806', '155867', '412809', '徐汇区虹桥路567号', 'A1bUIhwXaX', 'WxEyGLDy0q');
INSERT INTO `user` VALUES ('202411116686', '学生', '潘詩涵', '66', '女', '17539390342', 'pashihan46@qq.com', '463782', '898774', '479267', '乐丰六路25号', 'vzv78ogbEH', 'oDmCbwNX79');
INSERT INTO `user` VALUES ('202411116688', '学生', '崔安琪', '82', '女', '15258845966', 'anqicui7@163.com', '082394', '009004', '835721', '浦东新区橄榄路573号', '30DBOvzY9B', 'zQsV8dEyNY');
INSERT INTO `user` VALUES ('202411116690', '学生', '傅震南', '82', '男', '16658934517', 'fu5@qq.com', '077151', '412339', '583886', '紫马岭商圈中山五路223号', 'FfdnL3xl7h', '17I4j2t2DS');
INSERT INTO `user` VALUES ('202411116692', '学生', '罗璐', '80', '女', '14671733586', 'luo1961@gmail.com', '927092', '888740', '747670', '龙岗区学园一巷766号', 'vvNMwL5Eok', 'CY8CSFaGhy');
INSERT INTO `user` VALUES ('202411116694', '学生', '方秀英', '38', '女', '14979234189', 'xiuying715@qq.com', '258149', '248083', '490345', '成华区双庆路146号', 'WE7UY5NBBA', 'Gz19WQsw2B');
INSERT INTO `user` VALUES ('202411116696', '学生', '谢秀英', '80', '女', '14944952806', 'xiuyixie2@qq.com', '396248', '823151', '612326', '东城区东单王府井东街673号', '9ep6vERbet', 'G3ms9IA2Ju');
INSERT INTO `user` VALUES ('202411116698', '学生', '唐子异', '19', '男', '13064292742', 'ziyitang@yahoo.com', '815465', '861043', '344036', '锦江区红星路三段730号', 'ToOUgmf9TO', 'zAX4c5bWbE');
INSERT INTO `user` VALUES ('202411116700', '学生', '曾詩涵', '44', '女', '15837298812', 'zengshihan604@gmail.com', '439446', '562075', '167072', '黄浦区淮海中路915号', 'PXVa8L1QLa', 'NXyeuJaIDx');
INSERT INTO `user` VALUES ('202411116702', '学生', '韩致远', '18', '男', '16691392682', 'zhhan527@gmail.com', '859590', '760694', '914610', '白云区小坪东路232号', 'oe6VmPqYHW', 'ZsThFzunJz');
INSERT INTO `user` VALUES ('202411116704', '学生', '蒋致远', '73', '男', '13402156221', 'jiangzhiyuan@163.com', '808566', '884624', '185166', '白云区小坪东路617号', 'tqyny4dvPy', 'ilc7LTez2G');
INSERT INTO `user` VALUES ('202411116706', '学生', '石子异', '84', '男', '15841138512', 'ziyishi@gmail.com', '212970', '144537', '933870', '龙岗区学园一巷476号', 'IBHB1VINZX', 'D7Tb1v818Y');
INSERT INTO `user` VALUES ('202411116708', '学生', '姚秀英', '80', '女', '13778855557', 'yao1010@yahoo.com', '067369', '063763', '840227', '坑美十五巷290号', '49kHq5bL8d', 'h5TKLLfbCZ');
INSERT INTO `user` VALUES ('202411116710', '学生', '夏睿', '39', '男', '15997014932', 'xir@gmail.com', '675860', '085841', '288702', '房山区岳琉路890号', 'qUHy3sWGxo', 'qYvSomOwRG');
INSERT INTO `user` VALUES ('202411116712', '学生', '萧睿', '80', '男', '18461637947', 'rxiao124@163.com', '249280', '554680', '885299', '紫马岭商圈中山五路176号', 'ZQkCv7PYxW', 'FUOw23ecKH');
INSERT INTO `user` VALUES ('202411116714', '学生', '魏璐', '50', '女', '18627502688', 'lw1956@163.com', '904650', '872557', '905545', '乐丰六路952号', 'ZiImmsVhvI', 'Pvv8WRutiJ');
INSERT INTO `user` VALUES ('202411116716', '学生', '高子韬', '20', '男', '15167535823', 'zitao9@gmail.com', '118793', '386628', '539880', '珊瑚路219号', 'bZi1HNQib1', 'SQO6gpqiHP');
INSERT INTO `user` VALUES ('202411116718', '学生', '冯璐', '19', '女', '15962202298', 'fengl@gmail.com', '911370', '692393', '664200', '福田区深南大道336号', 'TGbQypKv32', 'fffo13ovlQ');
INSERT INTO `user` VALUES ('202411116720', '学生', '袁詩涵', '35', '女', '17774397659', 'yus3@gmail.com', '701864', '182898', '204667', '福田区景田东一街522号', 'zWaYvZboB0', 'HFb7AHpod3');
INSERT INTO `user` VALUES ('202411116722', '学生', '邵杰宏', '20', '男', '13741397275', 'shjieho@gmail.com', '868913', '115091', '748315', '闵行区宾川路828号', '1qsyA5WnwG', 'WKWevUBrAk');
INSERT INTO `user` VALUES ('202411116724', '学生', '张睿', '78', '男', '19,04071633', 'zhang1107@gmail.com', '439818', '188771', '973729', '乐丰六路637号', 'ZVifxaqbjk', 'Zwk9WHAK9z');
INSERT INTO `user` VALUES ('202411116726', '学生', '萧安琪', '28', '女', '17646934371', 'anxi@gmail.com', '306455', '394311', '715486', '海珠区江南西路266号', 'mHGi0fvCgO', 'o1C5ee71ZL');
INSERT INTO `user` VALUES ('202411116728', '学生', '林杰宏', '56', '男', '17640793506', 'jiehong526@gmail.com', '482855', '537029', '253657', '环区南街二巷907号', '5OrG0KAxkp', 'xsSMOgRfwW');
INSERT INTO `user` VALUES ('202411116730', '学生', '彭岚', '69', '女', '17822234987', 'lanpeng2020@yahoo.com', '149651', '178669', '182320', '朝阳区三里屯路164号', 'oSq66oeyM5', '8ws9n0gD0s');
INSERT INTO `user` VALUES ('202411116732', '学生', '汪璐', '64', '女', '15566097083', 'wlu@163.com', '477890', '764678', '403528', '罗湖区蔡屋围深南东路183号', 'c1WGsiCPKV', 'VbBM9jLrvc');
INSERT INTO `user` VALUES ('202411116734', '学生', '林晓明', '37', '男', '19933529987', 'xiaomingl@163.com', '147046', '075158', '666901', '西城区复兴门内大街364号', 'X8aPwMCmz4', 'FntckhuFUm');
INSERT INTO `user` VALUES ('202411116736', '学生', '钱睿', '43', '男', '15025367674', 'qianrui@qq.com', '083980', '232815', '600219', '成华区二仙桥东三路22号', 'M0py8H55vr', 'jTgjtRsy52');
INSERT INTO `user` VALUES ('202411116738', '学生', '卢晓明', '87', '男', '16626193393', 'xlu@gmail.com', '361686', '684159', '605024', '徐汇区虹桥路627号', '2F1SkcgIT4', 'WB493qYRJk');
INSERT INTO `user` VALUES ('202411116740', '学生', '谭璐', '36', '女', '14616382371', 'tanlu@163.com', '026666', '089591', '384532', '徐汇区虹桥路736号', 'hEBkCTMWxS', 'n9980vvJVG');
INSERT INTO `user` VALUES ('202411116742', '学生', '汪震南', '53', '男', '15756653941', 'wangzhennan@163.com', '168927', '636215', '282392', '锦江区红星路三段682号', 'EcTcNAF6Yo', 'gKLBNhBQ7R');
INSERT INTO `user` VALUES ('202411116744', '学生', '贾震南', '72', '男', '17797556888', 'zhjia@163.com', '882889', '063938', '399108', '房山区岳琉路832号', '5IqPNvVB77', 'zKhme8Dura');
INSERT INTO `user` VALUES ('202411116746', '学生', '高宇宁', '41', '男', '19904071959', 'gaoyuning17@gmail.com', '934920', '134789', '522428', '浦东新区健祥路172号', 'zop1sGewpY', 'cfnLeyUfTc');
INSERT INTO `user` VALUES ('202411116748', '学生', '毛璐', '40', '女', '16667898006', 'maolu@163.com', '883256', '214993', '389168', '龙岗区布吉镇西环路473号', '23IPzWfxwz', 'uCbLk0PRV4');
INSERT INTO `user` VALUES ('202411116750', '学生', '高云熙', '74', '男', '18795570854', 'gao19@gmail.com', '926066', '380952', '045444', '乐丰六路72号', 'tUXzZBNTaw', 'Rws4dY6f0L');
INSERT INTO `user` VALUES ('202411116752', '学生', '李致远', '67', '男', '13368451713', 'zhiyuli8@yahoo.com', '982868', '910230', '258796', '徐汇区虹桥路496号', 'eB4DTBRQjy', 'OyjKgtUF44');
INSERT INTO `user` VALUES ('202411116754', '学生', '宋岚', '61', '女', '13905177996', 'lan1@163.com', '903448', '476753', '750889', '东泰五街917号', 'WPQEx603sO', 'IHkXhkuerr');
INSERT INTO `user` VALUES ('202411116756', '学生', '韦安琪', '80', '女', '14640043724', 'anqiwe@gmail.com', '360449', '539762', '036105', '罗湖区清水河一路150号', 'zPdS7a1kif', '9I9EyJ1N8r');
INSERT INTO `user` VALUES ('202411116758', '学生', '梁晓明', '67', '男', '16696493079', 'xl1958@gmail.com', '723071', '199381', '229150', '龙岗区布吉镇西环路30号', 'W2u2vkOqXB', 'g2YP97K702');
INSERT INTO `user` VALUES ('202411116760', '学生', '卢嘉伦', '20', '男', '15569178313', 'luj51@qq.com', '129269', '896967', '033642', '朝阳区三里屯路577号', 'FDCtL8mlkC', 'RCCFwdzaai');
INSERT INTO `user` VALUES ('202411116762', '学生', '汤秀英', '50', '女', '13228126123', 'txiuying@gmail.com', '833142', '080048', '189189', '罗湖区田贝一路831号', 'Wuvrh38dS5', 'Pm5yfZohfA');
INSERT INTO `user` VALUES ('202411116764', '学生', '袁震南', '74', '男', '13401719966', 'yuanzhennan@gmail.com', '390229', '249436', '655717', '东城区东单王府井东街300号', 'l1tSpClLZ8', '16zpMrmxYR');
INSERT INTO `user` VALUES ('202411116766', '学生', '胡嘉伦', '33', '男', '13020804548', 'huj2@yahoo.com', '162326', '622630', '411685', '环区南街二巷843号', '7Av2EUDc3R', 'uF0goidCyF');
INSERT INTO `user` VALUES ('202411116768', '学生', '杜致远', '33', '男', '18180233627', 'zhdu6@163.com', '770274', '005923', '418022', '越秀区中山二路107号', 'f9Auw6KKxm', 'GABXCrIomf');
INSERT INTO `user` VALUES ('202411116770', '学生', '李岚', '42', '女', '16635397586', 'lilan@163.com', '384888', '969288', '599025', '龙岗区学园一巷777号', 'DkLqRdNd4B', '0R1GsInvJo');
INSERT INTO `user` VALUES ('202411116772', '学生', '丁晓明', '39', '男', '16623195500', 'xding@gmail.com', '281793', '061440', '139316', '白云区机场路棠苑街五巷686号', 'JIdhqJeZot', '9fBxp0BUXk');
INSERT INTO `user` VALUES ('202411116774', '学生', '周安琪', '51', '女', '13986869948', 'anqizh@qq.com', '841132', '014351', '658459', '环区南街二巷945号', 'jkaEQJNa0h', 'TqHFORJ0fY');
INSERT INTO `user` VALUES ('202411116776', '学生', '熊云熙', '50', '男', '13252062158', 'yunxi701@gmail.com', '952010', '733172', '071833', '京华商圈华夏街7号', 'RktyBsulsb', 'hGLvDg4XlY');
INSERT INTO `user` VALUES ('202411116778', '学生', '杨璐', '56', '女', '19,10463657', 'luya1@gmail.com', '116556', '120370', '426598', '白云区小坪东路257号', 'fW9eDW7lWo', 'oXWT8SNbZ0');
INSERT INTO `user` VALUES ('202411116780', '学生', '熊安琪', '54', '女', '19,61475964', 'xa57@qq.com', '163488', '405621', '991587', '罗湖区田贝一路430号', 'XVB3pYDlTT', 'h43KR9MP2S');
INSERT INTO `user` VALUES ('202411116782', '学生', '尹安琪', '76', '女', '16600984059', 'yinanqi3@163.com', '002987', '440196', '414732', '黄浦区淮海中路479号', '8hZLhk1QRb', 'dSyxmkKfKr');
INSERT INTO `user` VALUES ('202411116784', '学生', '梁子韬', '85', '男', '13474651359', 'zitaoliang@163.com', '889206', '581023', '353244', '越秀区中山二路107号', '49pClb0S9d', 'rn3ozjPrG9');
INSERT INTO `user` VALUES ('202411116786', '学生', '傅秀英', '52', '女', '18485826151', 'zhdu6@163.com', '661485', '911129', '184587', '龙岗区学园一巷777号', 'naefNSrOxe', 'dG3qdIShF7');
INSERT INTO `user` VALUES ('202411116788', '学生', '姚子异', '88', '男', '16600004620', 'lilan@163.com', '123744', '780591', '030737', '白云区机场路棠苑街五巷686号', 'AKLHxH94iY', 'krTcs033kg');
INSERT INTO `user` VALUES ('202411116790', '学生', '何安琪', '51', '女', '16657276235', 'xding@gmail.com', '820655', '276332', '854014', '环区南街二巷945号', 'qUfjP5ST28', 'apser6Gg8s');
INSERT INTO `user` VALUES ('202422222222', '学生', '熊安琪', '34', '男', '66677778888', 'yunxi701@gmail.com', '777777', '777777', '777777', '白云区小坪东路257号', '7777', '7');
INSERT INTO `user` VALUES ('202433333333', '学生', '尹安琪', '20', '女', '22233334444', 'luya1@gmail.com', '333333', '333333', '333333', '罗湖区田贝一路430号', '3333', '3');
INSERT INTO `user` VALUES ('202444444444', '学生', '梁子韬', '23', '女', '77788889999', 'xa57@qq.com', '888888', '888888', '888888', '黄浦区淮海中路479号', '8888', '8');
INSERT INTO `user` VALUES ('202455555555', '学生', '傅秀英', '45', '男', '88899991010', 'yinanqi3@163.com', '999999', '999999', '999999', '环区南街二巷885号', '9999', '9');
INSERT INTO `user` VALUES ('202466666666', '学生', '姚子异', '36', '女', '12345678910', 'zitaoliang@163.com', '101010', '101010', '101010', '罗湖区清水河一路497号', '1010', '10');
INSERT INTO `user` VALUES ('202477777777', '学生', '何安琪', '12', '男', '23456789101', 'fuxiuy5@gmail.com', '111111', '111111', '111111', '西城区西長安街776号', '1111', '11');
INSERT INTO `user` VALUES ('202488888888', '学生', '张睿', '24', '女', '34567891011', 'yao2@gmail.com', '121212', '121212', '121212', '珊瑚路607号', '1212', '12');
INSERT INTO `user` VALUES ('202499999999', '学生', '萧安琪', '26', '男', '13777813317', 'ha2008@gmail.com', '450000', '450500', '450503', '银滩灯球里', '1313', '13');
INSERT INTO `user` VALUES ('234888888888', '学生', '423', '234', '男', '13877913317', '42@qq.com', '140000', '140200', '140213', '4324', '88888888', '');

-- ----------------------------
-- View structure for 指导教师表
-- ----------------------------
DROP VIEW IF EXISTS `指导教师表`;
CREATE ALGORITHM = UNDEFINED SQL SECURITY DEFINER VIEW `指导教师表` AS select distinct `teacher`.`teacher_id` AS `teacher_id`,`teacher`.`teacher_type` AS `teacher_type`,`teacher`.`teacher_group_id` AS `teacher_group_id` from (`stu` join `teacher` on((`stu`.`stu_group_id` = `teacher`.`teacher_group_id`))) where (`teacher`.`teacher_type` = '指导教师');

-- ----------------------------
-- View structure for 组长表
-- ----------------------------
DROP VIEW IF EXISTS `组长表`;
CREATE ALGORITHM = UNDEFINED SQL SECURITY DEFINER VIEW `组长表` AS select distinct `teacher`.`teacher_id` AS `teacher_id`,`teacher`.`teacher_type` AS `teacher_type`,`teacher`.`teacher_group_id` AS `teacher_group_id` from (`stu` join `teacher` on((`stu`.`stu_group_id` = `teacher`.`teacher_group_id`))) where (`teacher`.`teacher_type` = '组长');

-- ----------------------------
-- View structure for 评阅教师表
-- ----------------------------
DROP VIEW IF EXISTS `评阅教师表`;
CREATE ALGORITHM = UNDEFINED SQL SECURITY DEFINER VIEW `评阅教师表` AS select distinct `teacher`.`teacher_id` AS `teacher_id`,`teacher`.`teacher_type` AS `teacher_type`,`teacher`.`teacher_group_id` AS `teacher_group_id` from (`stu` join `teacher` on((`stu`.`stu_group_id` = `teacher`.`teacher_group_id`))) where (`teacher`.`teacher_type` = '小组秘书兼评阅教师');

-- ----------------------------
-- Triggers structure for table score
-- ----------------------------
DROP TRIGGER IF EXISTS `count`;
delimiter ;;
CREATE TRIGGER `count` BEFORE UPDATE ON `score` FOR EACH ROW BEGIN
  SET NEW.transScore = NEW.transScore1 + NEW.transScore2 + NEW.transScore3;
	SET NEW.startScore = NEW.startScore1 + NEW.startScore2 + NEW.startScore3;
	SET NEW.midScore = NEW.midScore1 + NEW.midScore2 + NEW.midScore3;
	SET NEW.teachScore = NEW.teachScore1 + NEW.teachScore2 + NEW.teachScore3+ NEW.teachScore4 + NEW.teachScore5;
	SET NEW.readScore = NEW.readScore1 + NEW.readScore2 + NEW.readScore3+ NEW.readScore4;
	SET NEW.defScore = NEW.defScore1 + NEW.defScore2 + NEW.defScore3+ NEW.defScore4;
	SET NEW.finalScore = NEW.transScore +NEW.startScore + NEW.midScore + NEW.teachScore+ NEW.readScore+ NEW.defScore;
END
;;
delimiter ;

SET FOREIGN_KEY_CHECKS = 1;
